{
    "(29.05030356279176, 41.19458221389766)": 1,
    "(29.050393394320174, 41.19458221389766)": 1,
    "(29.050483225848588, 41.19458221389766)": 1,
    "(29.050662888905407, 41.19451461768668)": 1,
    "(29.050752720433817, 41.19451461768668)": 2,
    "(29.050842551962234, 41.19444702140591)": 1,
    "(29.050932383490643, 41.19444702140591)": 1,
    "(29.051022215019056, 41.19444702140591)": 2,
    "(29.05111204654747, 41.19444702140591)": 1,
    "(29.051022215019056, 41.19437942505533)": 3,
    "(29.051022215019056, 41.19424423214477)": 1,
    "(29.050932383490643, 41.19431182863494)": 2,
    "(29.050932383490647, 41.19424423214477)": 4,
    "(29.050932383490643, 41.19417663558479)": 5,
    "(29.050842551962234, 41.194109038955006)": 6,
    "(29.050932383490643, 41.194109038955006)": 1,
    "(29.051112046547466, 41.194041442255426)": 1,
    "(29.051022215019053, 41.19417663558479)": 1,
    "(29.050842551962237, 41.19417663558479)": 1,
    "(29.05084255196223, 41.19397384548604)": 4,
    "(29.05084255196223, 41.194041442255426)": 1,
    "(29.05075272043382, 41.19397384548604)": 2,
    "(29.05075272043382, 41.193906248646854)": 3,
    "(29.05075272043382, 41.19383865173787)": 2,
    "(29.05084255196223, 41.19377105475909)": 1,
    "(29.05075272043382, 41.19377105475909)": 2,
    "(29.050752720433817, 41.1937034577105)": 2,
    "(29.05084255196223, 41.193568263403925)": 1,
    "(29.050573057376997, 41.193433068818145)": 1,
    "(29.05066288890541, 41.19350066614594)": 1,
    "(29.050573057376994, 41.19350066614594)": 1,
    "(29.050662888905407, 41.193433068818145)": 2,
    "(29.05066288890541, 41.193365471420556)": 2,
    "(29.050573057376997, 41.193365471420556)": 1,
    "(29.050573057376997, 41.19329787395316)": 1,
    "(29.050573057376997, 41.19316267880898)": 2,
    "(29.050483225848584, 41.19316267880898)": 1,
    "(29.05048322584858, 41.193095081132185)": 4,
    "(29.050483225848584, 41.192959885569195)": 4,
    "(29.050573057376994, 41.193095081132185)": 2,
    "(29.050483225848584, 41.19302748338559)": 4,
    "(29.05048322584858, 41.19282468972701)": 3,
    "(29.05048322584858, 41.192892287683)": 3,
    "(29.050393394320167, 41.192892287683)": 1,
    "(29.050034068206518, 41.19140511652723)": 1,
    "(29.04994423667811, 41.19133751703563)": 1,
    "(29.050213731263348, 41.19160791458323)": 1,
    "(29.050213731263344, 41.19167551379563)": 1,
    "(29.05039339432017, 41.19167551379563)": 1,
    "(29.05030356279176, 41.19174311293822)": 1,
    "(29.05039339432017, 41.191810712011026)": 1,
    "(29.05039339432017, 41.19187831101403)": 1,
    "(29.05039339432017, 41.19194590994723)": 1,
    "(29.050483225848588, 41.19201350881064)": 1,
    "(29.050483225848584, 41.19208110760424)": 2,
    "(29.05048322584858, 41.19214870632803)": 1,
    "(29.050483225848584, 41.192216304982026)": 2,
    "(29.05048322584858, 41.19228390356623)": 1,
    "(29.050483225848588, 41.192351502080626)": 2,
    "(29.05048322584858, 41.19241910052522)": 1,
    "(29.05030356279176, 41.19248669890003)": 1,
    "(29.05030356279176, 41.19255429720502)": 1,
    "(29.05030356279176, 41.19262189544022)": 1,
    "(29.050393394320167, 41.19262189544022)": 1,
    "(29.050393394320167, 41.19268949360561)": 2,
    "(29.05048322584858, 41.1927570917012)": 2,
    "(29.050573057376997, 41.19323027641597)": 1,
    "(29.050662888905407, 41.19329787395316)": 1,
    "(29.05102221501906, 41.19431182863494)": 2,
    "(29.051112046547466, 41.19451461768668)": 1,
    "(29.05120187807588, 41.19458221389766)": 1,
    "(29.051112046547466, 41.19464981003883)": 2,
    "(29.05120187807588, 41.194785002111786)": 3,
    "(29.05120187807588, 41.19485259804355)": 1,
    "(29.05138154113271, 41.19478500211177)": 1,
    "(29.05129170960429, 41.19492019390552)": 2,
    "(29.051381541132706, 41.19492019390552)": 1,
    "(29.05147137266112, 41.19492019390552)": 2,
    "(29.052369687945234, 41.19485259804355)": 2,
    "(29.05201036183159, 41.19485259804355)": 1,
    "(29.05192053030318, 41.19492019390552)": 1,
    "(29.051830698774772, 41.19492019390552)": 1,
    "(29.051740867246348, 41.19492019390552)": 2,
    "(29.05165103571794, 41.19492019390552)": 1,
    "(29.051561204189525, 41.194987789697684)": 2,
    "(29.051471372661123, 41.194987789697684)": 2,
    "(29.05138154113271, 41.19498778969768)": 1,
    "(29.051291709604296, 41.194785002111786)": 1,
    "(29.051291709604293, 41.19485259804355)": 1,
    "(29.051112046547466, 41.19485259804355)": 1,
    "(29.051112046547466, 41.19471740611021)": 1,
    "(29.051022215019056, 41.19451461768668)": 2,
    "(29.050662888905403, 41.19377105475909)": 1,
    "(29.050842551962234, 41.19363586059211)": 1,
    "(29.050662888905407, 41.193568263403925)": 1,
    "(29.050483225848584, 41.19329787395316)": 1,
    "(29.05039339432017, 41.192959885569195)": 1,
    "(29.05030356279176, 41.192959885569195)": 1,
    "(29.05021373126335, 41.192959885569195)": 1,
    "(29.050213731263348, 41.192892287683)": 1,
    "(29.05012389973494, 41.192959885569195)": 1,
    "(29.05003406820652, 41.192959885569195)": 1,
    "(29.0498544051497, 41.19282468972701)": 1,
    "(29.04967474209288, 41.193095081132185)": 2,
    "(29.049584910564462, 41.19316267880898)": 2,
    "(29.049495079036053, 41.19316267880898)": 1,
    "(29.04949507903605, 41.19323027641597)": 1,
    "(29.04949507903605, 41.19329787395316)": 1,
    "(29.049495079036053, 41.193365471420556)": 2,
    "(29.049584910564462, 41.193568263403925)": 1,
    "(29.049584910564462, 41.1937034577105)": 1,
    "(29.049674742092876, 41.19383865173787)": 1,
    "(29.04967474209288, 41.19390624864686)": 2,
    "(29.04976457362129, 41.194041442255426)": 1,
    "(29.049764573621285, 41.194109038955006)": 1,
    "(29.049854405149702, 41.194244232144776)": 1,
    "(29.0498544051497, 41.19437942505533)": 1,
    "(29.04994423667811, 41.19444702140591)": 1,
    "(29.050034068206525, 41.19437942505533)": 1,
    "(29.04994423667811, 41.19458221389766)": 1
}