{
    "(29.05030356279176, 41.19458221389766)": 2,
    "(29.050303562791758, 41.19444702140591)": 1,
    "(29.050483225848588, 41.19458221389766)": 1,
    "(29.050662888905407, 41.19451461768668)": 3,
    "(29.050752720433817, 41.19451461768668)": 2,
    "(29.050842551962234, 41.19444702140591)": 1,
    "(29.051022215019056, 41.19444702140591)": 2,
    "(29.051112046547466, 41.19431182863494)": 1,
    "(29.051022215019056, 41.19437942505533)": 2,
    "(29.05111204654747, 41.19444702140591)": 2,
    "(29.051201878075876, 41.19431182863494)": 1,
    "(29.051022215019056, 41.19424423214477)": 2,
    "(29.050932383490643, 41.19431182863494)": 4,
    "(29.050842551962234, 41.194109038955006)": 5,
    "(29.050932383490647, 41.19424423214477)": 3,
    "(29.051022215019053, 41.19417663558479)": 1,
    "(29.050932383490643, 41.19417663558479)": 3,
    "(29.05075272043382, 41.19397384548604)": 3,
    "(29.050932383490643, 41.194109038955006)": 3,
    "(29.051112046547466, 41.194041442255426)": 1,
    "(29.051022215019056, 41.194109038955006)": 1,
    "(29.05102221501906, 41.19404144225542)": 1,
    "(29.050842551962237, 41.19417663558479)": 2,
    "(29.05075272043382, 41.19404144225542)": 1,
    "(29.050932383490643, 41.19397384548604)": 1,
    "(29.05075272043382, 41.193906248646854)": 3,
    "(29.050662888905403, 41.19377105475909)": 1,
    "(29.05075272043382, 41.19377105475909)": 2,
    "(29.050752720433817, 41.1937034577105)": 3,
    "(29.05084255196223, 41.193568263403925)": 1,
    "(29.050662888905407, 41.193433068818145)": 3,
    "(29.05066288890541, 41.19350066614594)": 1,
    "(29.050573057376997, 41.193433068818145)": 2,
    "(29.05066288890541, 41.193365471420556)": 2,
    "(29.05075272043382, 41.19329787395316)": 1,
    "(29.050573057376997, 41.19329787395316)": 1,
    "(29.050573057376997, 41.19323027641597)": 2,
    "(29.050483225848584, 41.19316267880898)": 1,
    "(29.05048322584858, 41.193095081132185)": 4,
    "(29.050483225848584, 41.192959885569195)": 4,
    "(29.050573057376994, 41.193095081132185)": 2,
    "(29.050483225848584, 41.19302748338559)": 3,
    "(29.05048322584858, 41.192892287683)": 5,
    "(29.05048322584858, 41.1927570917012)": 2,
    "(29.05030356279176, 41.192892287683)": 1,
    "(29.05030356279176, 41.19275709170121)": 1,
    "(29.05021373126335, 41.1927570917012)": 1,
    "(29.05012389973493, 41.192892287683)": 1,
    "(29.049944236678115, 41.192959885569195)": 1,
    "(29.049854405149702, 41.193027483385585)": 1,
    "(29.049764573621292, 41.193095081132185)": 1,
    "(29.04967474209288, 41.193095081132185)": 3,
    "(29.049584910564462, 41.19316267880898)": 2,
    "(29.04967474209288, 41.19316267880898)": 1,
    "(29.04940524750764, 41.19323027641597)": 3,
    "(29.049225584450816, 41.19323027641597)": 1,
    "(29.049315415979226, 41.193230276415974)": 2,
    "(29.049135752922407, 41.19323027641597)": 1,
    "(29.049135752922407, 41.19316267880898)": 1,
    "(29.04904592139399, 41.193230276415974)": 1,
    "(29.048956089865573, 41.19323027641597)": 2,
    "(29.04904592139399, 41.19309508113219)": 1,
    "(29.049045921393986, 41.193297873953156)": 1,
    "(29.049135752922403, 41.19329787395316)": 1,
    "(29.049225584450813, 41.19316267880898)": 1,
    "(29.049225584450813, 41.19329787395316)": 2,
    "(29.049315415979226, 41.193297873953156)": 1,
    "(29.04940524750764, 41.19329787395316)": 1,
    "(29.04949507903605, 41.19323027641597)": 2,
    "(29.049495079036053, 41.193433068818145)": 1,
    "(29.04940524750764, 41.193365471420556)": 1,
    "(29.049584910564466, 41.193433068818145)": 1,
    "(29.049584910564466, 41.19363586059211)": 1,
    "(29.049584910564462, 41.1937034577105)": 2,
    "(29.049674742092876, 41.19383865173787)": 2,
    "(29.04967474209288, 41.19390624864686)": 4,
    "(29.049764573621285, 41.19390624864686)": 1,
    "(29.049764573621285, 41.19397384548604)": 1,
    "(29.049764573621285, 41.194109038955006)": 2,
    "(29.049764573621285, 41.19417663558479)": 3,
    "(29.04976457362129, 41.19424423214477)": 1,
    "(29.0498544051497, 41.1944470214059)": 1,
    "(29.0498544051497, 41.19451461768668)": 2,
    "(29.04994423667811, 41.19451461768668)": 3,
    "(29.04994423667811, 41.19458221389766)": 2,
    "(29.049944236678115, 41.19464981003883)": 1,
    "(29.04976457362129, 41.19458221389766)": 1,
    "(29.04967474209288, 41.19471740611021)": 1,
    "(29.04958491056447, 41.194717406110215)": 1,
    "(29.04949507903605, 41.19471740611021)": 1,
    "(29.04931541597923, 41.194717406110215)": 1,
    "(29.04904592139399, 41.19478500211177)": 1,
    "(29.04886625833717, 41.19478500211177)": 1,
    "(29.048776426808754, 41.19478500211177)": 2,
    "(29.04859676375193, 41.19471740611021)": 1,
    "(29.04868659528034, 41.19471740611021)": 1,
    "(29.04868659528034, 41.19464981003883)": 1,
    "(29.04868659528034, 41.19451461768668)": 2,
    "(29.048686595280344, 41.19458221389766)": 1,
    "(29.048596763751934, 41.19437942505533)": 1,
    "(29.048686595280344, 41.19444702140591)": 1,
    "(29.048776426808757, 41.1944470214059)": 1,
    "(29.04886625833717, 41.19437942505533)": 1,
    "(29.04904592139399, 41.194244232144776)": 1,
    "(29.049944236678115, 41.19126991747423)": 1,
    "(29.050034068206525, 41.19147271594903)": 2,
    "(29.050213731263348, 41.19160791458323)": 1,
    "(29.050213731263344, 41.19167551379563)": 1,
    "(29.050393394320167, 41.19174311293823)": 1,
    "(29.05030356279176, 41.19174311293822)": 1,
    "(29.05039339432017, 41.191810712011026)": 1,
    "(29.05039339432017, 41.19187831101403)": 1,
    "(29.05039339432017, 41.19194590994723)": 2,
    "(29.050483225848584, 41.19208110760424)": 1,
    "(29.050573057376997, 41.19201350881064)": 1,
    "(29.05048322584858, 41.19214870632803)": 1,
    "(29.050483225848584, 41.192216304982026)": 1,
    "(29.05048322584858, 41.19228390356623)": 1,
    "(29.050483225848588, 41.192351502080626)": 2,
    "(29.050573057376994, 41.19235150208063)": 1,
    "(29.05048322584858, 41.19241910052522)": 1,
    "(29.05030356279176, 41.19248669890003)": 1,
    "(29.05030356279176, 41.19255429720502)": 1,
    "(29.050393394320167, 41.19262189544022)": 1,
    "(29.050483225848584, 41.19255429720503)": 1,
    "(29.050393394320167, 41.19268949360561)": 2,
    "(29.050573057376994, 41.19262189544022)": 1,
    "(29.05048322584858, 41.19282468972701)": 1,
    "(29.050573057376997, 41.19316267880898)": 1,
    "(29.05075272043382, 41.19316267880898)": 1,
    "(29.050842551962234, 41.19363586059211)": 1,
    "(29.050662888905407, 41.19383865173787)": 1,
    "(29.05084255196223, 41.19397384548604)": 2,
    "(29.05084255196223, 41.194041442255426)": 1,
    "(29.051112046547466, 41.19417663558479)": 1,
    "(29.051112046547466, 41.19451461768668)": 1,
    "(29.051112046547466, 41.19458221389766)": 1,
    "(29.051022215019056, 41.19451461768668)": 3,
    "(29.05120187807588, 41.194785002111786)": 5,
    "(29.05120187807588, 41.19485259804355)": 1,
    "(29.051381541132706, 41.19471740611021)": 1,
    "(29.05129170960429, 41.19492019390552)": 3,
    "(29.051471372661116, 41.194785002111786)": 1,
    "(29.051381541132706, 41.19485259804355)": 1,
    "(29.05156120418953, 41.19492019390552)": 1,
    "(29.05165103571794, 41.19492019390552)": 2,
    "(29.051740867246348, 41.19492019390552)": 3,
    "(29.05183069877476, 41.194785002111786)": 2,
    "(29.05210019336, 41.19471740611021)": 1,
    "(29.052279856416824, 41.19485259804355)": 2,
    "(29.052459519473643, 41.194785002111786)": 1,
    "(29.052639182530474, 41.19478500211177)": 1,
    "(29.05290867711571, 41.19478500211177)": 1,
    "(29.052998508644123, 41.19478500211177)": 2,
    "(29.053088340172536, 41.19478500211177)": 1,
    "(29.053178171700942, 41.19478500211177)": 1,
    "(29.053178171700942, 41.19464981003883)": 1,
    "(29.05335783475777, 41.19471740611021)": 2,
    "(29.053447666286182, 41.19464981003883)": 2,
    "(29.05335783475777, 41.19451461768668)": 2,
    "(29.05353749781459, 41.19451461768668)": 1,