{"(29.050842551962237, 41.194514617477274)": 27, "(29.05039339432017, 41.19485259783414)": 9, "(29.050842551962234, 41.19485259783415)": 14, "(29.05039339432017, 41.19417663537538)": 2, "(29.051291709604286, 41.19417663537538)": 1, "(29.051291709604293, 41.19485259783414)": 5, "(29.051291709604293, 41.19451461747728)": 4, "(29.05039339432017, 41.19383865152846)": 3, "(29.050842551962234, 41.19350066593653)": 5, "(29.050842551962234, 41.19417663537538)": 11, "(29.050393394320167, 41.19350066593653)": 8, "(29.051291709604293, 41.19383865152846)": 1, "(29.05084255196223, 41.193838651528466)": 7, "(29.05084255196223, 41.19316267859958)": 2, "(29.05039339432017, 41.19316267859958)": 12, "(29.05039339432017, 41.192824689517614)": 14, "(29.04994423667811, 41.19316267859958)": 11, "(29.04994423667811, 41.19248669869063)": 2, "(29.049944236678108, 41.192824689517614)": 1, "(29.049944236678108, 41.19350066593653)": 4, "(29.04949507903605, 41.19350066593653)": 18, "(29.049495079036053, 41.19316267859958)": 1, "(29.04904592139399, 41.19350066593653)": 11, "(29.04859676375193, 41.19282468951761)": 1, "(29.049495079036053, 41.193838651528466)": 3, "(29.04949507903605, 41.19417663537538)": 5, "(29.04994423667811, 41.19417663537538)": 5, "(29.04994423667811, 41.19451461747728)": 8, "(29.04994423667811, 41.19383865152846)": 1, "(29.04994423667811, 41.19485259783414)": 9, "(29.04949507903605, 41.19485259783415)": 5, "(29.049495079036053, 41.194514617477274)": 3, "(29.04904592139399, 41.19519057644599)": 2, "(29.04859676375193, 41.19519057644598)": 1, "(29.048596763751934, 41.194514617477274)": 1, "(29.048596763751934, 41.19485259783415)": 7, "(29.04904592139399, 41.19417663537538)": 2, "(29.049045921393994, 41.194514617477274)": 2, "(29.04949507903605, 41.19113471793263)": 1, "(29.049495079036053, 41.19147271573962)": 1, "(29.05039339432017, 41.19181071180163)": 9, "(29.05084255196223, 41.19147271573962)": 2, "(29.05039339432017, 41.19214870611864)": 6, "(29.05039339432017, 41.19248669869063)": 7, "(29.04994423667811, 41.19214870611864)": 1, "(29.05084255196223, 41.19248669869063)": 3, "(29.050842551962234, 41.19282468951761)": 1, "(29.051291709604293, 41.19350066593653)": 1, "(29.05174086724635, 41.19485259783414)": 2, "(29.050842551962237, 41.19519057644598)": 2, "(29.051291709604293, 41.19519057644599)": 13, "(29.05219002488841, 41.19519057644599)": 8, "(29.05174086724635, 41.19519057644599)": 6, "(29.05174086724635, 41.19451461747728)": 1, "(29.052639182530474, 41.19519057644598)": 3, "(29.053088340172536, 41.19519057644598)": 4, "(29.053088340172536, 41.19485259783415)": 2, "(29.05353749781459, 41.19485259783414)": 4, "(29.05353749781459, 41.19417663537538)": 4, "(29.05398665545665, 41.19485259783415)": 1, "(29.053537497814595, 41.194514617477274)": 3, "(29.053986655456654, 41.194514617477274)": 1, "(29.05353749781459, 41.19350066593653)": 3, "(29.05308834017254, 41.19350066593653)": 1, "(29.05398665545665, 41.19350066593653)": 1, "(29.053537497814595, 41.193838651528466)": 3, "(29.05353749781459, 41.1928246895176)": 5, "(29.053537497814595, 41.19316267859958)": 4, "(29.053088340172536, 41.19214870611863)": 1, "(29.05398665545665, 41.19248669869063)": 1, "(29.0535374978146, 41.19248669869063)": 2, "(29.05353749781459, 41.19181071180164)": 1, "(29.053537497814595, 41.19214870611863)": 2, "(29.053088340172533, 41.19181071180163)": 2, "(29.053537497814595, 41.19147271573963)": 8, "(29.053986655456654, 41.19214870611863)": 1, "(29.053986655456654, 41.19113471793263)": 1, "(29.05398665545665, 41.19181071180163)": 3, "(29.054435813098713, 41.19147271573963)": 2, "(29.05443581309871, 41.19113471793263)": 1, "(29.05353749781459, 41.19113471793263)": 2, "(29.053088340172536, 41.19147271573962)": 3, "(29.053088340172536, 41.19113471793263)": 1, "(29.05219002488841, 41.19181071180163)": 6, "(29.05219002488841, 41.19113471793263)": 1, "(29.05129170960429, 41.19181071180163)": 2, "(29.05174086724635, 41.19181071180163)": 1, "(29.051291709604293, 41.19214870611864)": 8, "(29.05174086724635, 41.19214870611864)": 4, "(29.050842551962237, 41.19214870611863)": 8, "(29.050842551962234, 41.19181071180163)": 1, "(29.05039339432017, 41.19147271573963)": 3, "(29.049495079036056, 41.19079671838062)": 1, "(29.049944236678115, 41.19147271573963)": 1, "(29.04994423667811, 41.19181071180163)": 2, "(29.05219002488841, 41.19485259783414)": 1, "(29.05039339432017, 41.19451461747728)": 2}