{"(29.050348478555968, 41.1946160119508)": 4, "(29.050528141612787, 41.1946160119508)": 2, "(29.050707804669614, 41.19461601195079)": 3, "(29.050887467726437, 41.1946160119508)": 5, "(29.05088746772644, 41.19448081952885)": 5, "(29.05106713078326, 41.19448081952885)": 6, "(29.05124679384009, 41.19421043384733)": 1, "(29.05124679384009, 41.19448081952885)": 2, "(29.05106713078326, 41.19434562682768)": 2, "(29.05088746772644, 41.19434562682768)": 7, "(29.050887467726437, 41.19394004704899)": 1, "(29.050707804669617, 41.193940047049)": 7, "(29.050887467726437, 41.19421043384733)": 12, "(29.050707804669614, 41.194075240587765)": 3, "(29.05106713078326, 41.19421043384733)": 2, "(29.05088746772644, 41.194075240587765)": 3, "(29.050707804669614, 41.19353446475748)": 4, "(29.050707804669617, 41.19380485323103)": 5, "(29.050887467726437, 41.193534464757484)": 2, "(29.05070780466961, 41.19366965913386)": 3, "(29.050528141612787, 41.193534464757484)": 2, "(29.050707804669617, 41.19339927010191)": 4, "(29.050528141612787, 41.1933992701019)": 1, "(29.050528141612787, 41.19312887995313)": 10, "(29.050528141612784, 41.193264075167114)": 3, "(29.050528141612784, 41.19299368445995)": 2, "(29.050348478555964, 41.19285848868755)": 1, "(29.050168815499138, 41.192858488687556)": 3, "(29.050348478555964, 41.19272329263596)": 7, "(29.050348478555968, 41.19299368445995)": 8, "(29.05016881549914, 41.19299368445995)": 4, "(29.04998915244232, 41.19299368445994)": 2, "(29.049809489385492, 41.19312887995313)": 2, "(29.049989152442315, 41.19312887995313)": 1, "(29.049629826328673, 41.19312887995313)": 2, "(29.049629826328665, 41.193264075167114)": 3, "(29.04962982632867, 41.19299368445995)": 1, "(29.04927050021502, 41.19299368445995)": 2, "(29.049450163271842, 41.193264075167114)": 3, "(29.049270500215027, 41.193264075167114)": 2, "(29.0490908371582, 41.193264075167114)": 3, "(29.048911174101374, 41.193264075167114)": 3, "(29.04909083715819, 41.19339927010191)": 1, "(29.048911174101377, 41.19312887995313)": 1, "(29.048911174101377, 41.1933992701019)": 1, "(29.049270500215023, 41.19339927010191)": 3, "(29.049450163271846, 41.1933992701019)": 5, "(29.049450163271846, 41.19353446475748)": 3, "(29.049809489385495, 41.19366965913386)": 1, "(29.049629826328665, 41.19353446475748)": 1, "(29.04962982632867, 41.193940047049)": 4, "(29.049809489385492, 41.193940047049)": 2, "(29.049809489385492, 41.194075240587765)": 2, "(29.049989152442315, 41.193940047049)": 1, "(29.049809489385492, 41.19421043384733)": 5, "(29.049629826328673, 41.19421043384733)": 1, "(29.049809489385492, 41.19434562682768)": 2, "(29.049989152442315, 41.19434562682768)": 1, "(29.04980948938549, 41.19461601195079)": 2, "(29.049989152442315, 41.19461601195079)": 6, "(29.049809489385495, 41.19475120409354)": 2, "(29.049989152442315, 41.19448081952885)": 2, "(29.049809489385495, 41.19448081952885)": 2, "(29.049629826328673, 41.19475120409354)": 1, "(29.049270500215023, 41.19461601195079)": 1, "(29.049270500215023, 41.19475120409354)": 1, "(29.049090837158197, 41.19488639595708)": 1, "(29.04891117410138, 41.194886395957084)": 1, "(29.048731511044554, 41.19488639595708)": 2, "(29.048731511044554, 41.19475120409354)": 4, "(29.04873151104455, 41.19461601195079)": 1, "(29.04891117410137, 41.19434562682768)": 3, "(29.04855184798772, 41.19434562682768)": 1, "(29.048731511044554, 41.19448081952885)": 1, "(29.048911174101377, 41.19448081952885)": 1, "(29.049989152442315, 41.19150651560758)": 3, "(29.05016881549914, 41.19164171417198)": 1, "(29.050168815499138, 41.19177691245718)": 1, "(29.050348478555968, 41.19177691245718)": 2, "(29.050348478555964, 41.19191211046318)": 4, "(29.050348478555968, 41.192047308189984)": 1, "(29.050528141612784, 41.19218250563758)": 2, "(29.050528141612787, 41.19231770280598)": 2, "(29.050528141612787, 41.19245289969517)": 4, "(29.050348478555964, 41.19245289969517)": 1, "(29.05034847855596, 41.19258809630517)": 1, "(29.050528141612787, 41.19285848868755)": 2, "(29.050707804669617, 41.19299368445995)": 1, "(29.05106713078326, 41.1946160119508)": 7, "(29.051067130783263, 41.19475120409354)": 2, "(29.05124679384009, 41.19488639595708)": 7, "(29.051246793840086, 41.19502158754142)": 3, "(29.051426456896912, 41.19502158754142)": 3, "(29.051606119953732, 41.194886395957084)": 2, "(29.05142645689691, 41.194886395957084)": 1, "(29.051606119953735, 41.19502158754142)": 4, "(29.05178578301056, 41.19488639595708)": 1, "(29.051785783010555, 41.19502158754142)": 4, "(29.051965446067385, 41.194886395957084)": 2, "(29.05232477218103, 41.194886395957084)": 3, "(29.052504435237854, 41.19488639595708)": 1, "(29.05268409829468, 41.19488639595708)": 1, "(29.053043424408326, 41.19475120409354)": 1, "(29.0528637613515, 41.19475120409355)": 1, "(29.053043424408322, 41.19488639595708)": 2, "(29.053223087465152, 41.19488639595708)": 1, "(29.05322308746515, 41.19475120409354)": 1, "(29.053402750521972, 41.19475120409355)": 4, "(29.05322308746515, 41.19448081952885)": 1, "(29.053402750521975, 41.19461601195079)": 1, "(29.053582413578795, 41.19434562682768)": 2, "(29.05340275052198, 41.19448081952885)": 1, "(29.053402750521975, 41.194075240587765)": 1, "(29.05376207663562, 41.194075240587765)": 1, "(29.0535824135788, 41.194075240587765)": 1, "(29.053582413578795, 41.193940047049)": 3, "(29.053582413578802, 41.19380485323103)": 2, "(29.0535824135788, 41.19353446475748)": 1, "(29.0535824135788, 41.19366965913386)": 1, "(29.053762076635618, 41.193264075167114)": 1, "(29.0535824135788, 41.19339927010191)": 2, "(29.0535824135788, 41.193264075167114)": 1, "(29.0535824135788, 41.19299368445995)": 1, "(29.0535824135788, 41.19272329263596)": 4, "(29.053582413578795, 41.192858488687556)": 1, "(29.0535824135788, 41.19258809630517)": 1, "(29.053762076635618, 41.19258809630517)": 1, "(29.0535824135788, 41.19245289969517)": 2, "(29.053762076635618, 41.19218250563758)": 1, "(29.0535824135788, 41.19231770280598)": 2, "(29.053762076635618, 41.191912110463186)": 3, "(29.053941739692448, 41.19177691245718)": 1, "(29.053762076635618, 41.19177691245718)": 2, "(29.053941739692448, 41.19164171417198)": 3, "(29.05394173969244, 41.19150651560757)": 2, "(29.053582413578795, 41.19137131676398)": 4, "(29.05376207663562, 41.19150651560758)": 1, "(29.05340275052198, 41.19137131676398)": 4, "(29.0535824135788, 41.19123611764118)": 1, "(29.05322308746515, 41.19137131676398)": 1, "(29.053043424408322, 41.19137131676398)": 2, "(29.052863761351503, 41.19150651560758)": 2, "(29.052684098294684, 41.19150651560757)": 1, "(29.05232477218103, 41.19164171417198)": 3, "(29.051965446067385, 41.19164171417198)": 1, "(29.05232477218103, 41.19137131676398)": 1, "(29.052145109124204, 41.19150651560758)": 1, "(29.0521451091242, 41.19164171417198)": 1, "(29.051785783010555, 41.19164171417198)": 1, "(29.051785783010555, 41.19177691245718)": 1, "(29.051606119953732, 41.19177691245718)": 1, "(29.05178578301056, 41.19150651560757)": 1, "(29.051606119953732, 41.19191211046318)": 2, "(29.051426456896912, 41.192047308189984)": 3, "(29.05124679384009, 41.192047308189984)": 3, "(29.05106713078326, 41.192047308189984)": 3, "(29.050887467726437, 41.192047308189984)": 2, "(29.05106713078326, 41.19191211046318)": 2, "(29.050887467726437, 41.19191211046318)": 1, "(29.050528141612787, 41.19150651560758)": 3, "(29.05070780466961, 41.19164171417198)": 2, "(29.050707804669614, 41.19177691245718)": 1, "(29.050528141612787, 41.19164171417198)": 1, "(29.050348478555964, 41.19137131676398)": 3, "(29.050348478555964, 41.19110091823918)": 1, "(29.050528141612787, 41.19110091823918)": 1, "(29.05016881549914, 41.19137131676398)": 3, "(29.051965446067385, 41.19502158754142)": 1, "(29.05178578301056, 41.19475120409354)": 1, "(29.051246793840086, 41.19475120409354)": 1, "(29.049450163271846, 41.19312887995313)": 1, "(29.049809489385492, 41.19339927010191)": 1, "(29.04962982632867, 41.19380485323103)": 1, "(29.050348478555968, 41.19434562682768)": 1, "(29.05016881549914, 41.19461601195079)": 1,