{"(29.049270500215023, 41.19502158670381)": 9, "(29.050168815499145, 41.19502158670381)": 27, "(29.051965446067385, 41.194345625990074)": 5, "(29.05196544606738, 41.193669658296244)": 1, "(29.051067130783263, 41.19502158670381)": 46, "(29.051067130783263, 41.19434562599007)": 20, "(29.050168815499145, 41.193669658296244)": 35, "(29.051067130783263, 41.19366965829624)": 4, "(29.05016881549914, 41.194345625990074)": 10, "(29.05016881549914, 41.19299368362234)": 18, "(29.051965446067385, 41.19299368362234)": 1, "(29.049270500215023, 41.19231770196838)": 3, "(29.049270500215023, 41.193669658296244)": 25, "(29.049270500215027, 41.19299368362234)": 6, "(29.05016881549914, 41.19231770196838)": 12, "(29.051067130783263, 41.192317701968385)": 18, "(29.051067130783263, 41.19299368362233)": 3, "(29.04837218493091, 41.19231770196838)": 3, "(29.048372184930905, 41.19299368362234)": 1, "(29.048372184930905, 41.193669658296244)": 3, "(29.049270500215023, 41.194345625990074)": 10, "(29.049270500215023, 41.195697540437415)": 2, "(29.04837218493091, 41.195697540437415)": 2, "(29.048372184930905, 41.19502158670381)": 6, "(29.048372184930905, 41.194345625990074)": 1, "(29.051067130783263, 41.19096571772037)": 4, "(29.050168815499145, 41.190965717720374)": 3, "(29.05106713078326, 41.19164171333438)": 3, "(29.05016881549914, 41.191641713334384)": 6, "(29.05196544606738, 41.19231770196838)": 11, "(29.05196544606738, 41.19502158670381)": 2, "(29.051067130783263, 41.195697540437415)": 11, "(29.05196544606738, 41.195697540437415)": 13, "(29.052863761351503, 41.19502158670382)": 3, "(29.052863761351503, 41.195697540437415)": 6, "(29.053762076635625, 41.19502158670381)": 7, "(29.054660391919743, 41.193669658296244)": 2, "(29.052863761351507, 41.193669658296244)": 3, "(29.052863761351507, 41.194345625990074)": 1, "(29.053762076635625, 41.194345625990074)": 7, "(29.05376207663562, 41.19299368362234)": 9, "(29.053762076635625, 41.193669658296244)": 6, "(29.054660391919743, 41.191641713334384)": 1, "(29.054660391919747, 41.19299368362234)": 1, "(29.053762076635625, 41.19231770196838)": 9, "(29.054660391919747, 41.19231770196838)": 1, "(29.0528637613515, 41.191641713334384)": 5, "(29.052863761351503, 41.19096571772037)": 3, "(29.053762076635625, 41.191641713334384)": 5, "(29.05466039191974, 41.19028971512637)": 1, "(29.053762076635625, 41.19028971512637)": 1, "(29.052863761351507, 41.19231770196837)": 3, "(29.05196544606738, 41.191641713334384)": 1, "(29.049270500215023, 41.191641713334384)": 1, "(29.049270500215027, 41.190965717720374)": 2, "(29.05016881549914, 41.19028971512637)": 1}